image_name,yield
crop_00000.png,2.05
crop_00001.png,20.66
crop_00002.png,1.33
crop_00003.png,4.82
crop_00004.png,1.12
crop_00005.png,30.45
crop_00006.png,13.15
crop_00007.png,0.9
crop_00008.png,1.3
crop_00009.png,32.07
crop_00010.png,26.04
crop_00011.png,12.1
crop_00012.png,5.13
crop_00013.png,0.29
crop_00014.png,0.46
crop_00015.png,0.5
crop_00016.png,1.1
crop_00017.png,0.26
crop_00018.png,4.56
crop_00019.png,1.19
crop_00020.png,0.22
crop_00021.png,1.03
crop_00022.png,0.71
crop_00023.png,9.42
crop_00024.png,0.96
crop_00025.png,0.29
crop_00026.png,0.3
crop_00027.png,0.31
crop_00028.png,0.4
crop_00029.png,2.57
crop_00030.png,0.31
crop_00031.png,14.3
crop_00032.png,1.1
crop_00033.png,7.3
crop_00034.png,0.14
crop_00035.png,0.26
crop_00036.png,0.7
crop_00037.png,4.59
crop_00038.png,0.99
crop_00039.png,1.16
crop_00040.png,6.29
crop_00041.png,1.12
crop_00042.png,1.31
crop_00043.png,1.5
crop_00044.png,0.73
crop_00045.png,9.6
crop_00046.png,8.76
crop_00047.png,0.28
crop_00048.png,0.64
crop_00049.png,21.91
crop_00050.png,12.1
crop_00051.png,26.17
crop_00052.png,0.16
crop_00053.png,4.92
crop_00054.png,17.41
crop_00055.png,39.36
crop_00056.png,22.51
crop_00057.png,15.48
crop_00058.png,1.45
crop_00059.png,2.53
crop_00060.png,2.2
crop_00061.png,2.52
crop_00062.png,0.93
crop_00063.png,0.36
crop_00064.png,6.32
crop_00065.png,0.37
crop_00066.png,5.17
crop_00067.png,1.17
crop_00068.png,2.73
crop_00069.png,1.58
crop_00070.png,11.82
crop_00071.png,4.06
crop_00072.png,0.22
crop_00073.png,1.61
crop_00074.png,4.78
crop_00075.png,4.95
crop_00076.png,1.69
crop_00077.png,0.87
crop_00078.png,8.52
crop_00079.png,8.88
crop_00080.png,0.73
crop_00081.png,0.24
crop_00082.png,1.83
crop_00083.png,1.14
crop_00084.png,1.26
crop_00085.png,12.37
crop_00086.png,1.51
crop_00087.png,2.18
crop_00088.png,1.23
crop_00089.png,0.42
crop_00090.png,7.98
crop_00091.png,0.13
crop_00092.png,2.54
crop_00093.png,1.22
crop_00094.png,2.36
crop_00095.png,7.33
crop_00096.png,5.62
crop_00097.png,8.07
crop_00098.png,4.18
crop_00099.png,14.96
crop_00100.png,4.94
crop_00101.png,11.07
crop_00102.png,17.04
crop_00103.png,0.43
crop_00104.png,2.8
crop_00105.png,0.64
crop_00106.png,0.76
crop_00107.png,0.41
crop_00108.png,6.05
crop_00109.png,4.83
crop_00110.png,1.22
crop_00111.png,0.6
crop_00112.png,0.83
crop_00113.png,6.52
crop_00114.png,2.82
crop_00115.png,10.57
crop_00116.png,17.26
crop_00117.png,1.61
crop_00118.png,0.63
crop_00119.png,0.51
crop_00120.png,2.19
crop_00121.png,3.58
crop_00122.png,0.55
crop_00123.png,8.81
crop_00124.png,0.77
crop_00125.png,16.28
crop_00126.png,0.67
crop_00127.png,0.62
crop_00128.png,4.61
crop_00129.png,7.33
crop_00130.png,0.27
crop_00131.png,1.31
crop_00132.png,0.1
crop_00133.png,2.1
crop_00134.png,16.33
crop_00135.png,3.3
crop_00136.png,28.1
crop_00137.png,21.63
crop_00138.png,3.5
crop_00139.png,20.35
crop_00140.png,10.87
crop_00141.png,2.5
crop_00142.png,35.03
crop_00143.png,25.13
crop_00144.png,22.73
crop_00145.png,8.27
crop_00146.png,16.25
crop_00147.png,3.0
crop_00148.png,22.56
crop_00149.png,24.0
crop_00150.png,5.33
crop_00151.png,3.05
crop_00152.png,32.55
crop_00153.png,22.76
crop_00154.png,1.2
crop_00155.png,3.25
crop_00156.png,1.77
crop_00157.png,10.23
crop_00158.png,6.26
crop_00159.png,0.12
crop_00160.png,0.81
crop_00161.png,0.25
crop_00162.png,0.52
crop_00163.png,1.12
crop_00164.png,6.48
crop_00165.png,0.24
crop_00166.png,3.81
crop_00167.png,1.62
crop_00168.png,1.62
crop_00169.png,5.0
crop_00170.png,2.08
crop_00171.png,5.89
crop_00172.png,0.06
crop_00173.png,5.38
crop_00174.png,2.47
crop_00175.png,14.05
crop_00176.png,1.75
crop_00177.png,0.72
crop_00178.png,1.18
crop_00179.png,2.15
crop_00180.png,6.72
crop_00181.png,0.58
crop_00182.png,0.87
crop_00183.png,0.69
crop_00184.png,3.89
crop_00185.png,8.0
crop_00186.png,0.58
crop_00187.png,1.22
crop_00188.png,0.32
crop_00189.png,12.44
crop_00190.png,1.35
crop_00191.png,4.09
crop_00192.png,7.41
crop_00193.png,4.36
crop_00194.png,1.79
crop_00195.png,9.99
crop_00196.png,0.38
crop_00197.png,12.23
crop_00198.png,10.35
crop_00199.png,0.28
crop_00200.png,0.7
crop_00201.png,2.88
crop_00202.png,1.68
crop_00203.png,2.1
crop_00204.png,10.19
crop_00205.png,1.89
crop_00206.png,3.79
crop_00207.png,0.73
crop_00208.png,2.01
crop_00209.png,2.82
crop_00210.png,2.67
crop_00211.png,4.22
crop_00212.png,5.24
crop_00213.png,0.91
crop_00214.png,1.44
crop_00215.png,3.81
crop_00216.png,0.15
crop_00217.png,1.15
crop_00218.png,1.0
crop_00219.png,1.33
crop_00220.png,0.55
crop_00221.png,1.56
crop_00222.png,6.66
crop_00223.png,26.35
crop_00224.png,4.32
crop_00225.png,3.9
crop_00226.png,2.84
crop_00227.png,0.29
crop_00228.png,0.36
crop_00229.png,1.27
crop_00230.png,0.38
crop_00231.png,6.83
crop_00232.png,4.42
crop_00233.png,0.78
crop_00234.png,1.01
crop_00235.png,0.95
crop_00236.png,0.36
crop_00237.png,8.1
crop_00238.png,7.82
crop_00239.png,0.51
crop_00240.png,7.67
crop_00241.png,2.72
crop_00242.png,9.62
crop_00243.png,0.16
crop_00244.png,3.46
crop_00245.png,8.48
crop_00246.png,2.8
crop_00247.png,0.24
crop_00248.png,0.43
crop_00249.png,0.73
crop_00250.png,0.6
crop_00251.png,19.22
crop_00252.png,15.21
crop_00253.png,1.6
crop_00254.png,19.81
crop_00255.png,0.52
crop_00256.png,20.72
crop_00257.png,0.68
crop_00258.png,0.6
crop_00259.png,15.81
crop_00260.png,8.05
crop_00261.png,0.36
crop_00262.png,3.98
crop_00263.png,3.24
crop_00264.png,2.9
crop_00265.png,11.61
crop_00266.png,1.4
crop_00267.png,0.38
crop_00268.png,1.9
crop_00269.png,0.85
crop_00270.png,8.43
crop_00271.png,0.65
crop_00272.png,2.4
crop_00273.png,31.28
crop_00274.png,0.55
crop_00275.png,0.64
crop_00276.png,5.57
crop_00277.png,1.78
crop_00278.png,5.75
crop_00279.png,20.0
crop_00280.png,18.34
crop_00281.png,0.23
crop_00282.png,0.94
crop_00283.png,4.24
crop_00284.png,16.02
crop_00285.png,8.89
crop_00286.png,1.0
crop_00287.png,1.68
crop_00288.png,0.43
crop_00289.png,23.75
crop_00290.png,4.19
crop_00291.png,14.45
crop_00292.png,13.75
crop_00293.png,1.01
crop_00294.png,1.93
crop_00295.png,1.77
crop_00296.png,17.67
crop_00297.png,0.79
crop_00298.png,0.8
crop_00299.png,0.68
crop_00300.png,0.58
crop_00301.png,0.3
crop_00302.png,1.98
crop_00303.png,5.81
crop_00304.png,14.61
crop_00305.png,12.5
crop_00306.png,0.65
crop_00307.png,7.17
crop_00308.png,6.88
crop_00309.png,0.46
crop_00310.png,1.11
crop_00311.png,9.92
crop_00312.png,23.09
crop_00313.png,8.67
crop_00314.png,4.53
crop_00315.png,48.7
crop_00316.png,8.84
crop_00317.png,6.69
crop_00318.png,7.5
crop_00319.png,8.0
crop_00320.png,21.79
crop_00321.png,11.53
crop_00322.png,9.59
crop_00323.png,11.21
crop_00324.png,0.29
crop_00325.png,0.8
crop_00326.png,21.15
crop_00327.png,2.89
crop_00328.png,38.72
crop_00329.png,1.61
crop_00330.png,29.42
crop_00331.png,0.96
crop_00332.png,4.58
crop_00333.png,0.45
crop_00334.png,6.41
crop_00335.png,1.75
crop_00336.png,7.82
crop_00337.png,0.5
crop_00338.png,13.28
crop_00339.png,0.76
crop_00340.png,0.16
crop_00341.png,0.49
crop_00342.png,0.82
crop_00343.png,8.62
crop_00344.png,0.59
crop_00345.png,5.36
crop_00346.png,1.1
crop_00347.png,3.27
crop_00348.png,19.91
crop_00349.png,1.56
crop_00350.png,23.17
crop_00351.png,0.43
crop_00352.png,2.26
crop_00353.png,11.13
crop_00354.png,3.53
crop_00355.png,0.61
crop_00356.png,39.59
crop_00357.png,0.26
crop_00358.png,7.55
crop_00359.png,0.51
crop_00360.png,1.01
crop_00361.png,1.23
crop_00362.png,0.6
crop_00363.png,1.57
crop_00364.png,0.38
crop_00365.png,0.82
crop_00366.png,7.13
crop_00367.png,3.83
crop_00368.png,15.12
crop_00369.png,20.0
crop_00370.png,5.81
crop_00371.png,7.89
crop_00372.png,20.0
crop_00373.png,0.41
crop_00374.png,14.6
crop_00375.png,8.65
crop_00376.png,13.93
crop_00377.png,1.46
crop_00378.png,0.62
crop_00379.png,9.47
crop_00380.png,1.19
crop_00381.png,7.49
crop_00382.png,8.63
crop_00383.png,0.35
crop_00384.png,0.42
crop_00385.png,2.05
crop_00386.png,0.13
crop_00387.png,3.34
crop_00388.png,1.13
crop_00389.png,0.2
crop_00390.png,14.51
crop_00391.png,1.6
crop_00392.png,13.0
crop_00393.png,12.42
crop_00394.png,19.67
crop_00395.png,6.71
crop_00396.png,15.14
crop_00397.png,4.7
crop_00398.png,12.42
crop_00399.png,5.66
crop_00400.png,2.44
crop_00401.png,0.48
crop_00402.png,8.6
crop_00403.png,4.14
crop_00404.png,1.0
crop_00405.png,5.25
crop_00406.png,0.45
crop_00407.png,1.49
crop_00408.png,9.69
crop_00409.png,36.29
crop_00410.png,2.61
crop_00411.png,9.64
crop_00412.png,29.61
crop_00413.png,0.75
crop_00414.png,0.44
crop_00415.png,1.23
crop_00416.png,20.19
crop_00417.png,37.0
crop_00418.png,1.02
crop_00419.png,1.32
crop_00420.png,30.11
crop_00421.png,1.01
crop_00422.png,1.23
crop_00423.png,1.35
crop_00424.png,0.34
crop_00425.png,1.63
crop_00426.png,0.54
crop_00427.png,4.85
crop_00428.png,0.5
crop_00429.png,7.01
crop_00430.png,11.47
crop_00431.png,0.17
crop_00432.png,18.37
crop_00433.png,0.55
crop_00434.png,2.21
crop_00435.png,4.76
crop_00436.png,4.55
crop_00437.png,14.16
crop_00438.png,0.65
crop_00439.png,1.65
crop_00440.png,1.1
crop_00441.png,0.63
crop_00442.png,9.22
crop_00443.png,0.78
crop_00444.png,0.43
crop_00445.png,3.26
crop_00446.png,6.02
crop_00447.png,4.61
crop_00448.png,8.02
crop_00449.png,1.04
crop_00450.png,3.65
crop_00451.png,5.09
crop_00452.png,1.26
crop_00453.png,0.23
crop_00454.png,0.24
crop_00455.png,5.19
crop_00456.png,5.57
crop_00457.png,10.94
crop_00458.png,2.35
crop_00459.png,0.87
crop_00460.png,1.46
crop_00461.png,4.97
crop_00462.png,9.33
crop_00463.png,11.91
crop_00464.png,0.9
crop_00465.png,5.14
crop_00466.png,11.19
crop_00467.png,0.12
crop_00468.png,1.01
crop_00469.png,0.54
crop_00470.png,1.4
crop_00471.png,0.51
crop_00472.png,1.27
crop_00473.png,4.19
crop_00474.png,1.14
crop_00475.png,0.85
crop_00476.png,0.46
crop_00477.png,0.25
crop_00478.png,2.82
crop_00479.png,1.01
crop_00480.png,0.23
crop_00481.png,2.83
crop_00482.png,26.45
crop_00483.png,0.71
crop_00484.png,0.65
crop_00485.png,1.14
crop_00486.png,0.69
crop_00487.png,0.64
crop_00488.png,10.07
crop_00489.png,6.61
crop_00490.png,1.05
crop_00491.png,31.82
crop_00492.png,4.42
crop_00493.png,4.4
crop_00494.png,1.0
crop_00495.png,7.63
crop_00496.png,10.5
crop_00497.png,8.4
crop_00498.png,0.9
crop_00499.png,7.43
crop_00500.png,5.37
crop_00501.png,2.51
crop_00502.png,0.27
crop_00503.png,4.76
crop_00504.png,6.09
crop_00505.png,7.0
crop_00506.png,1.57
crop_00507.png,11.87
crop_00508.png,3.9
crop_00509.png,4.82
crop_00510.png,24.12
crop_00511.png,1.38
crop_00512.png,24.2
crop_00513.png,9.35
crop_00514.png,3.46
crop_00515.png,13.94
crop_00516.png,2.4
crop_00517.png,22.69
crop_00518.png,2.62
crop_00519.png,7.46
crop_00520.png,15.39
crop_00521.png,1.21
crop_00522.png,25.26
crop_00523.png,1.51
crop_00524.png,1.23
crop_00525.png,26.97
crop_00526.png,6.77
crop_00527.png,46.61
crop_00528.png,13.91
crop_00529.png,26.42
crop_00530.png,9.79
crop_00531.png,1.03
crop_00532.png,3.82
crop_00533.png,24.9
crop_00534.png,8.83
crop_00535.png,20.85
crop_00536.png,14.57
crop_00537.png,2.0
crop_00538.png,23.09
crop_00539.png,13.11
crop_00540.png,28.65
crop_00541.png,1.85
crop_00542.png,18.73
crop_00543.png,1.2
crop_00544.png,9.07
crop_00545.png,1.22
crop_00546.png,1.23
crop_00547.png,2.44
crop_00548.png,1.1
crop_00549.png,44.31
crop_00550.png,7.0
crop_00551.png,2.95
crop_00552.png,6.49
crop_00553.png,10.66
crop_00554.png,0.89
crop_00555.png,0.88
crop_00556.png,13.44
crop_00557.png,0.64
crop_00558.png,3.06
crop_00559.png,0.56
crop_00560.png,8.48
crop_00561.png,3.94
crop_00562.png,8.65
crop_00563.png,7.53
crop_00564.png,6.54
crop_00565.png,7.81
crop_00566.png,5.44
crop_00567.png,1.42
crop_00568.png,0.79
crop_00569.png,0.65
crop_00570.png,2.4
crop_00571.png,8.85
crop_00572.png,5.48
crop_00573.png,13.35
crop_00574.png,4.67
crop_00575.png,1.3
crop_00576.png,0.35
crop_00577.png,1.39
crop_00578.png,12.47
crop_00579.png,1.65
crop_00580.png,3.38
crop_00581.png,5.77
crop_00582.png,7.7
crop_00583.png,11.45
crop_00584.png,31.68
crop_00585.png,1.83
crop_00586.png,0.88
crop_00587.png,1.74
crop_00588.png,0.42
crop_00589.png,1.91
crop_00590.png,1.49
crop_00591.png,45.35
crop_00592.png,0.87
crop_00593.png,3.33
crop_00594.png,2.66
crop_00595.png,3.35
crop_00596.png,11.5
crop_00597.png,5.58
crop_00598.png,18.5
crop_00599.png,3.0
crop_00600.png,1.43
crop_00601.png,0.95
crop_00602.png,0.46
crop_00603.png,25.86
crop_00604.png,12.1
crop_00605.png,5.74
crop_00606.png,0.96
crop_00607.png,5.51
crop_00608.png,3.85
crop_00609.png,6.66
crop_00610.png,5.07
crop_00611.png,1.0
crop_00612.png,7.16
crop_00613.png,23.69
crop_00614.png,1.95
crop_00615.png,2.71
crop_00616.png,2.34
crop_00617.png,2.39
crop_00618.png,12.64
crop_00619.png,24.98
crop_00620.png,17.1
crop_00621.png,8.72
crop_00622.png,3.87
crop_00623.png,2.81
crop_00624.png,13.73
crop_00625.png,2.41
crop_00626.png,1.92
crop_00627.png,0.38
crop_00628.png,4.5
crop_00629.png,5.27
crop_00630.png,33.3
crop_00631.png,0.12
crop_00632.png,10.73
crop_00633.png,5.16
crop_00634.png,7.61
crop_00635.png,8.11
crop_00636.png,1.15
crop_00637.png,25.18
crop_00638.png,4.86
crop_00639.png,0.6
crop_00640.png,1.67
crop_00641.png,29.36
crop_00642.png,47.63
crop_00643.png,14.53
crop_00644.png,25.16
crop_00645.png,11.65
crop_00646.png,1.08
crop_00647.png,5.45
crop_00648.png,1.06
crop_00649.png,29.46
crop_00650.png,6.33
crop_00651.png,10.36
crop_00652.png,5.38
crop_00653.png,6.92
crop_00654.png,1.96
crop_00655.png,12.19
crop_00656.png,0.53
crop_00657.png,1.08
crop_00658.png,6.84
crop_00659.png,8.0
crop_00660.png,6.94
crop_00661.png,0.1
crop_00662.png,14.78
crop_00663.png,29.47
crop_00664.png,9.6
crop_00665.png,5.42
crop_00666.png,41.9
crop_00667.png,0.2
crop_00668.png,6.5
crop_00669.png,4.09
crop_00670.png,4.03
crop_00671.png,4.73
crop_00672.png,5.53
crop_00673.png,1.38
crop_00674.png,0.96
crop_00675.png,1.42
crop_00676.png,1.54
crop_00677.png,5.36
crop_00678.png,0.61
crop_00679.png,1.78
crop_00680.png,3.63
crop_00681.png,5.99
crop_00682.png,7.45
crop_00683.png,6.61
crop_00684.png,0.74
crop_00685.png,3.22
crop_00686.png,2.62
crop_00687.png,3.07
crop_00688.png,2.01
crop_00689.png,13.99
crop_00690.png,2.79
crop_00691.png,1.62
crop_00692.png,1.46
crop_00693.png,15.43
crop_00694.png,6.21
crop_00695.png,1.81
crop_00696.png,1.64
crop_00697.png,19.08
crop_00698.png,0.43
crop_00699.png,13.26
crop_00700.png,2.75
crop_00701.png,18.89
crop_00702.png,18.03
crop_00703.png,25.61
crop_00704.png,14.15
crop_00705.png,1.29
crop_00706.png,10.09
crop_00707.png,2.0
crop_00708.png,1.95
crop_00709.png,2.1
crop_00710.png,0.28
crop_00711.png,0.73
crop_00712.png,11.02
crop_00713.png,15.41
crop_00714.png,4.36
crop_00715.png,13.17
crop_00716.png,3.53
crop_00717.png,5.71
crop_00718.png,11.58
crop_00719.png,1.0
crop_00720.png,10.97
crop_00721.png,2.51
crop_00722.png,0.96
crop_00723.png,12.2
crop_00724.png,8.7
crop_00725.png,0.56
crop_00726.png,2.15
crop_00727.png,10.53
crop_00728.png,1.71
crop_00729.png,1.01
crop_00730.png,5.42
crop_00731.png,7.22
crop_00732.png,0.62
crop_00733.png,1.89
crop_00734.png,7.87
crop_00735.png,13.67
crop_00736.png,3.0
crop_00737.png,10.63
crop_00738.png,6.17
crop_00739.png,29.88
crop_00740.png,5.09
crop_00741.png,27.69
crop_00742.png,0.8
crop_00743.png,13.09
crop_00744.png,47.07
crop_00745.png,5.81
crop_00746.png,4.48
crop_00747.png,12.43
crop_00748.png,0.73
crop_00749.png,5.02
crop_00750.png,4.52
crop_00751.png,12.68
crop_00752.png,2.49
crop_00753.png,0.55
crop_00754.png,15.28
crop_00755.png,0.96
crop_00756.png,0.52
crop_00757.png,1.51
crop_00758.png,0.8
crop_00759.png,9.73
crop_00760.png,1.13
crop_00761.png,15.72
crop_00762.png,18.19
crop_00763.png,25.49
crop_00764.png,20.08
crop_00765.png,11.69
crop_00766.png,30.01
crop_00767.png,16.01
crop_00768.png,3.76
crop_00769.png,0.55
crop_00770.png,1.86
crop_00771.png,27.31
crop_00772.png,8.79
crop_00773.png,10.91
crop_00774.png,14.83
crop_00775.png,11.52
crop_00776.png,15.93
crop_00777.png,21.91
crop_00778.png,19.09
crop_00779.png,15.56
crop_00780.png,17.58
crop_00781.png,12.31
crop_00782.png,15.78
crop_00783.png,4.2
crop_00784.png,5.0
crop_00785.png,13.19
crop_00786.png,20.71
crop_00787.png,18.57
crop_00788.png,14.17
crop_00789.png,8.19
crop_00790.png,31.33
crop_00791.png,1.41
crop_00792.png,8.83
crop_00793.png,11.34
crop_00794.png,3.5
crop_00795.png,7.16
crop_00796.png,10.38
crop_00797.png,14.91
crop_00798.png,14.72
crop_00799.png,4.07
crop_00800.png,31.01
crop_00801.png,11.34
crop_00802.png,6.31
crop_00803.png,9.53
crop_00804.png,46.1
crop_00805.png,18.33
crop_00806.png,1.75
crop_00807.png,14.18
crop_00808.png,48.59
crop_00809.png,6.3
crop_00810.png,4.75
crop_00811.png,0.79
crop_00812.png,22.34
crop_00813.png,4.67
crop_00814.png,9.65
crop_00815.png,16.14
crop_00816.png,18.12
crop_00817.png,8.39
crop_00818.png,24.73
crop_00819.png,3.41
crop_00820.png,20.22
crop_00821.png,3.42
crop_00822.png,0.93
crop_00823.png,1.84
crop_00824.png,18.25
crop_00825.png,5.67
crop_00826.png,1.39
crop_00827.png,47.28
crop_00828.png,0.85
crop_00829.png,5.0
crop_00830.png,5.91
crop_00831.png,0.88
crop_00832.png,11.78
crop_00833.png,4.09
crop_00834.png,10.91
crop_00835.png,5.71
crop_00836.png,2.8
crop_00837.png,10.53
crop_00838.png,0.44
crop_00839.png,16.75
crop_00840.png,0.51
crop_00841.png,1.36
crop_00842.png,0.83
crop_00843.png,1.04
crop_00844.png,1.36
crop_00845.png,1.51
crop_00846.png,11.73
crop_00847.png,16.16
crop_00848.png,1.48
crop_00849.png,7.69
crop_00850.png,2.97
crop_00851.png,21.77
crop_00852.png,21.23
crop_00853.png,2.88
crop_00854.png,41.6
crop_00855.png,4.34
crop_00856.png,2.08
crop_00857.png,2.94
crop_00858.png,2.05
crop_00859.png,32.11
crop_00860.png,22.26
crop_00861.png,16.61
crop_00862.png,8.57
crop_00863.png,5.19
crop_00864.png,0.91
crop_00865.png,24.97
crop_00866.png,1.4
crop_00867.png,11.31
crop_00868.png,23.11
crop_00869.png,1.71
crop_00870.png,20.0
crop_00871.png,8.5
crop_00872.png,7.65
crop_00873.png,1.14
crop_00874.png,6.7
crop_00875.png,15.0
crop_00876.png,29.08
crop_00877.png,14.13
crop_00878.png,19.8
crop_00879.png,25.0
crop_00880.png,30.56
crop_00881.png,37.6
crop_00882.png,5.45
crop_00883.png,5.57
crop_00884.png,8.89
crop_00885.png,7.85
crop_00886.png,12.86
crop_00887.png,10.72
crop_00888.png,13.43
crop_00889.png,0.04
crop_00890.png,31.53
crop_00891.png,0.91
crop_00892.png,4.56
crop_00893.png,6.98
crop_00894.png,5.27
crop_00895.png,11.46
crop_00896.png,17.07
crop_00897.png,7.44
crop_00898.png,2.64
crop_00899.png,7.43
crop_00900.png,2.69
crop_00901.png,23.05
crop_00902.png,21.71
crop_00903.png,1.97
crop_00904.png,26.25
crop_00905.png,0.79
crop_00906.png,23.42
crop_00907.png,2.87
crop_00908.png,1.43
crop_00909.png,9.78
crop_00910.png,10.43
crop_00911.png,4.01
crop_00912.png,8.03
crop_00913.png,18.6
crop_00914.png,1.25
crop_00915.png,2.23
crop_00916.png,18.94
crop_00917.png,13.22
crop_00918.png,17.62
crop_00919.png,3.67
crop_00920.png,17.2
crop_00921.png,0.53
crop_00922.png,21.85
crop_00923.png,22.01
crop_00924.png,0.29
crop_00925.png,17.47
crop_00926.png,22.08
crop_00927.png,22.45
crop_00928.png,12.87
crop_00929.png,19.98
crop_00930.png,19.47
crop_00931.png,2.31
crop_00932.png,0.95
crop_00933.png,21.37
crop_00934.png,15.02
crop_00935.png,0.96
crop_00936.png,4.96
crop_00937.png,22.1
crop_00938.png,2.1
crop_00939.png,10.18
crop_00940.png,5.21
crop_00941.png,1.02
crop_00942.png,0.8
crop_00943.png,1.43
crop_00944.png,4.91
crop_00945.png,5.53
crop_00946.png,3.59
crop_00947.png,2.19
crop_00948.png,1.69
crop_00949.png,0.8
crop_00950.png,15.31
crop_00951.png,2.31
crop_00952.png,27.69
crop_00953.png,5.73
crop_00954.png,2.19
crop_00955.png,8.66
crop_00956.png,15.67
crop_00957.png,16.2
crop_00958.png,2.27
crop_00959.png,3.35
crop_00960.png,2.13
crop_00961.png,30.21
crop_00962.png,1.47
crop_00963.png,17.42
crop_00964.png,3.32
crop_00965.png,12.3
crop_00966.png,1.35
crop_00967.png,3.17
crop_00968.png,40.0
crop_00969.png,0.71
crop_00970.png,5.7
crop_00971.png,1.78
crop_00972.png,1.23
crop_00973.png,5.28
crop_00974.png,0.69
crop_00975.png,0.94
crop_00976.png,1.53
crop_00977.png,10.45
crop_00978.png,4.95
crop_00979.png,1.01
crop_00980.png,10.88
crop_00981.png,1.77
crop_00982.png,38.76
crop_00983.png,10.25
crop_00984.png,2.16
crop_00985.png,2.05
crop_00986.png,10.45
crop_00987.png,0.81
crop_00988.png,7.98
crop_00989.png,14.96
crop_00990.png,1.14
crop_00991.png,9.3
crop_00992.png,1.51
crop_00993.png,4.07
crop_00994.png,1.49
crop_00995.png,6.56
crop_00996.png,8.45
crop_00997.png,0.74
crop_00998.png,12.7
crop_00999.png,10.42
crop_01000.png,0.35
crop_01001.png,8.2
crop_01002.png,0.39
crop_01003.png,8.62
crop_01004.png,0.06
crop_01005.png,8.11
crop_01006.png,0.23
crop_01007.png,3.29
crop_01008.png,3.63
crop_01009.png,0.76
crop_01010.png,1.62
crop_01011.png,3.76
crop_01012.png,22.25
crop_01013.png,1.69
crop_01014.png,7.87
crop_01015.png,22.44
crop_01016.png,7.55
crop_01017.png,29.35
crop_01018.png,33.77
crop_01019.png,10.69
crop_01020.png,1.01
crop_01021.png,19.22
crop_01022.png,3.89
crop_01023.png,26.39
crop_01024.png,24.4
crop_01025.png,13.42
crop_01026.png,2.43
crop_01027.png,1.19
crop_01028.png,1.62
crop_01029.png,1.87
crop_01030.png,21.9
crop_01031.png,0.03
crop_01032.png,4.51
crop_01033.png,6.32
crop_01034.png,21.07
crop_01035.png,25.87
crop_01036.png,10.5
crop_01037.png,27.1
crop_01038.png,1.8
crop_01039.png,17.07
crop_01040.png,10.47
crop_01041.png,17.53
crop_01042.png,24.16
crop_01043.png,1.4
crop_01044.png,17.88
crop_01045.png,2.35
crop_01046.png,9.02
crop_01047.png,20.86
crop_01048.png,18.77
crop_01049.png,0.13
crop_01050.png,3.5
crop_01051.png,1.37
crop_01052.png,10.42
crop_01053.png,5.0
crop_01054.png,1.18
crop_01055.png,21.64
crop_01056.png,6.0
crop_01057.png,1.0
crop_01058.png,33.0
crop_01059.png,10.12
crop_01060.png,2.44
crop_01061.png,0.7
crop_01062.png,4.07
crop_01063.png,6.02
crop_01064.png,1.7
crop_01065.png,0.29
crop_01066.png,32.56
crop_01067.png,4.0
crop_01068.png,3.65
crop_01069.png,1.79
crop_01070.png,3.19
crop_01071.png,2.84
crop_01072.png,6.85
crop_01073.png,1.05
crop_01074.png,16.47
crop_01075.png,2.33
crop_01076.png,2.54
crop_01077.png,3.58
crop_01078.png,0.91
crop_01079.png,1.73
crop_01080.png,35.17
crop_01081.png,1.22
crop_01082.png,3.09
crop_01083.png,2.23
crop_01084.png,0.77
crop_01085.png,2.6
crop_01086.png,13.28
crop_01087.png,22.21
crop_01088.png,12.04
crop_01089.png,7.05
crop_01090.png,10.08
crop_01091.png,0.48
crop_01092.png,0.44
crop_01093.png,1.16
crop_01094.png,1.74
crop_01095.png,1.06
crop_01096.png,0.62
crop_01097.png,0.24
crop_01098.png,0.77
crop_01099.png,6.12
crop_01100.png,5.44
crop_01101.png,13.15
crop_01102.png,0.19
crop_01103.png,9.93
crop_01104.png,19.27
crop_01105.png,0.62
crop_01106.png,0.91
crop_01107.png,22.24
crop_01108.png,35.36
crop_01109.png,29.65
crop_01110.png,8.04
crop_01111.png,12.46
crop_01112.png,0.87
crop_01113.png,26.95
crop_01114.png,0.12
crop_01115.png,2.39
crop_01116.png,30.88
crop_01117.png,1.26
crop_01118.png,7.05
crop_01119.png,7.08
crop_01120.png,4.36
crop_01121.png,3.48
crop_01122.png,1.25
crop_01123.png,7.68
crop_01124.png,5.43
crop_01125.png,4.5
crop_01126.png,1.57
crop_01127.png,5.43
crop_01128.png,10.82
crop_01129.png,27.06
crop_01130.png,6.15
crop_01131.png,2.93
crop_01132.png,2.86
crop_01133.png,21.15
crop_01134.png,9.73
crop_01135.png,47.76
crop_01136.png,15.24
crop_01137.png,3.46
crop_01138.png,37.13
crop_01139.png,3.01
crop_01140.png,27.11
crop_01141.png,5.31
crop_01142.png,23.22
crop_01143.png,23.22
crop_01144.png,18.36
crop_01145.png,18.63
crop_01146.png,15.94
crop_01147.png,12.95
crop_01148.png,2.05
crop_01149.png,4.38
crop_01150.png,28.13
crop_01151.png,0.66
crop_01152.png,2.24
crop_01153.png,41.7
crop_01154.png,10.42
crop_01155.png,0.99
crop_01156.png,34.88
crop_01157.png,8.23
crop_01158.png,2.69
crop_01159.png,18.94
crop_01160.png,1.0
crop_01161.png,6.91
crop_01162.png,16.47
crop_01163.png,5.0
crop_01164.png,0.62
crop_01165.png,8.0
crop_01166.png,11.26
crop_01167.png,16.25
crop_01168.png,3.4
crop_01169.png,3.3
crop_01170.png,17.44
crop_01171.png,0.83
crop_01172.png,43.42
crop_01173.png,0.8
crop_01174.png,16.55
crop_01175.png,0.67
crop_01176.png,22.46
crop_01177.png,16.91
crop_01178.png,1.39
crop_01179.png,22.76
crop_01180.png,1.1
crop_01181.png,0.64
crop_01182.png,19.04
crop_01183.png,1.23
crop_01184.png,4.07
crop_01185.png,0.89
crop_01186.png,2.62
crop_01187.png,25.92
crop_01188.png,0.99
crop_01189.png,16.78
crop_01190.png,32.45
crop_01191.png,3.49
crop_01192.png,42.87
crop_01193.png,8.62
crop_01194.png,4.64
crop_01195.png,22.7
crop_01196.png,22.89
crop_01197.png,5.46
crop_01198.png,5.07
crop_01199.png,8.63
crop_01200.png,10.29
crop_01201.png,2.25
crop_01202.png,6.9
crop_01203.png,10.84
crop_01204.png,7.21
crop_01205.png,3.89
crop_01206.png,4.9
crop_01207.png,2.51
crop_01208.png,1.77
crop_01209.png,0.72
crop_01210.png,2.65
crop_01211.png,13.34
crop_01212.png,8.7
crop_01213.png,1.74
crop_01214.png,1.87
crop_01215.png,10.28
crop_01216.png,0.96
crop_01217.png,38.66
crop_01218.png,13.01
crop_01219.png,8.82
crop_01220.png,3.05
crop_01221.png,2.21
crop_01222.png,2.14
crop_01223.png,2.34
crop_01224.png,46.02
crop_01225.png,2.23
crop_01226.png,3.43
crop_01227.png,4.15
crop_01228.png,17.28
crop_01229.png,9.69
crop_01230.png,7.78
crop_01231.png,1.3
crop_01232.png,15.39
crop_01233.png,28.4
crop_01234.png,4.26
crop_01235.png,7.92
crop_01236.png,17.8
crop_01237.png,4.6
crop_01238.png,0.75
crop_01239.png,17.36
crop_01240.png,4.15
crop_01241.png,1.18
crop_01242.png,1.0
crop_01243.png,8.0
crop_01244.png,15.95
crop_01245.png,0.55
crop_01246.png,0.6
crop_01247.png,7.98
crop_01248.png,5.48
crop_01249.png,1.89
crop_01250.png,1.46
crop_01251.png,3.85
crop_01252.png,14.46
crop_01253.png,1.45
crop_01254.png,15.49
crop_01255.png,0.49
crop_01256.png,0.94
crop_01257.png,1.03
crop_01258.png,13.22
crop_01259.png,1.25
crop_01260.png,6.28
crop_01261.png,7.76
crop_01262.png,1.49
crop_01263.png,8.65
crop_01264.png,1.19
crop_01265.png,1.04
crop_01266.png,0.53
crop_01267.png,8.01
crop_01268.png,0.99
crop_01269.png,2.85
crop_01270.png,9.6
crop_01271.png,0.66
crop_01272.png,14.37
crop_01273.png,11.71
crop_01274.png,31.45
crop_01275.png,8.68
crop_01276.png,21.52
crop_01277.png,10.57
crop_01278.png,15.4
crop_01279.png,26.64
crop_01280.png,6.75
crop_01281.png,5.41
crop_01282.png,0.69
crop_01283.png,5.03
crop_01284.png,1.12
crop_01285.png,10.47
crop_01286.png,0.73
crop_01287.png,4.59
crop_01288.png,24.89
crop_01289.png,10.09
crop_01290.png,11.36
crop_01291.png,34.94
crop_01292.png,24.14
crop_01293.png,10.8
crop_01294.png,37.37
crop_01295.png,19.2
crop_01296.png,0.11
crop_01297.png,18.02
crop_01298.png,27.47
crop_01299.png,33.33
crop_01300.png,27.12
crop_01301.png,36.77
crop_01302.png,13.52
crop_01303.png,1.98
crop_01304.png,8.52
crop_01305.png,0.72
crop_01306.png,1.62
crop_01307.png,1.0
crop_01308.png,0.41
crop_01309.png,8.7
crop_01310.png,10.3
crop_01311.png,12.0
crop_01312.png,2.67
crop_01313.png,12.97
crop_01314.png,12.33
crop_01315.png,4.18
crop_01316.png,9.67
crop_01317.png,6.56
crop_01318.png,10.8
crop_01319.png,0.27
crop_01320.png,1.98
crop_01321.png,1.17
crop_01322.png,10.66
crop_01323.png,20.88
crop_01324.png,7.18
crop_01325.png,28.65
crop_01326.png,1.78
crop_01327.png,2.44
crop_01328.png,4.05
crop_01329.png,6.08
crop_01330.png,15.51
crop_01331.png,6.07
crop_01332.png,16.77
crop_01333.png,9.83
crop_01334.png,7.88
crop_01335.png,6.5
crop_01336.png,1.17
crop_01337.png,0.73
crop_01338.png,0.85
crop_01339.png,8.54
crop_01340.png,3.19
crop_01341.png,0.92
crop_01342.png,9.22
crop_01343.png,10.94
crop_01344.png,13.28
crop_01345.png,4.77
crop_01346.png,2.09
crop_01347.png,21.36
crop_01348.png,2.2
crop_01349.png,0.67
crop_01350.png,18.56
crop_01351.png,16.24
crop_01352.png,0.51
crop_01353.png,0.89
crop_01354.png,1.8
crop_01355.png,3.46
crop_01356.png,1.31
crop_01357.png,5.45
crop_01358.png,14.49
crop_01359.png,5.0
crop_01360.png,1.47
crop_01361.png,0.17
crop_01362.png,25.84
crop_01363.png,0.91
crop_01364.png,16.23
crop_01365.png,0.74
crop_01366.png,3.02
crop_01367.png,19.28
crop_01368.png,3.72
crop_01369.png,1.83
crop_01370.png,2.21
crop_01371.png,2.31
crop_01372.png,0.76
crop_01373.png,1.9
crop_01374.png,3.91
crop_01375.png,6.48
crop_01376.png,4.87
crop_01377.png,4.35
crop_01378.png,1.88
crop_01379.png,14.07
crop_01380.png,16.26
crop_01381.png,1.48
crop_01382.png,0.69
crop_01383.png,2.01
crop_01384.png,6.94
crop_01385.png,14.89
crop_01386.png,0.57
crop_01387.png,3.18
crop_01388.png,7.79
crop_01389.png,0.4
crop_01390.png,3.96
crop_01391.png,0.65
crop_01392.png,1.2
crop_01393.png,22.82
crop_01394.png,5.59
crop_01395.png,2.75
crop_01396.png,6.2
crop_01397.png,0.81
crop_01398.png,2.53
crop_01399.png,18.04
crop_01400.png,1.5
crop_01401.png,47.72
crop_01402.png,28.67
crop_01403.png,23.66
crop_01404.png,2.41
crop_01405.png,5.12
crop_01406.png,22.63
crop_01407.png,1.38
crop_01408.png,26.14
crop_01409.png,0.86
crop_01410.png,3.36
crop_01411.png,24.69
crop_01412.png,33.9
crop_01413.png,13.42
crop_01414.png,1.13
crop_01415.png,16.46
crop_01416.png,14.81
crop_01417.png,34.84
crop_01418.png,1.81
crop_01419.png,17.76
crop_01420.png,7.86
crop_01421.png,30.12
crop_01422.png,26.41
crop_01423.png,28.24
crop_01424.png,14.14
crop_01425.png,24.92
crop_01426.png,10.1
crop_01427.png,0.66
crop_01428.png,39.98
crop_01429.png,11.71
crop_01430.png,7.19
crop_01431.png,14.68
crop_01432.png,30.51
crop_01433.png,1.15
crop_01434.png,10.68
crop_01435.png,8.34
crop_01436.png,12.25
crop_01437.png,1.0
crop_01438.png,3.63
crop_01439.png,7.19
crop_01440.png,20.45
crop_01441.png,0.3
crop_01442.png,4.85
crop_01443.png,0.53
crop_01444.png,12.26
crop_01445.png,9.68
crop_01446.png,10.43
crop_01447.png,4.61
crop_01448.png,34.64
crop_01449.png,1.19
crop_01450.png,27.36
crop_01451.png,10.55
crop_01452.png,11.37
crop_01453.png,1.77
crop_01454.png,0.85
crop_01455.png,1.67
crop_01456.png,17.56
crop_01457.png,0.9
crop_01458.png,0.98
crop_01459.png,7.45
crop_01460.png,0.6
crop_01461.png,2.54
crop_01462.png,10.22
crop_01463.png,8.11
crop_01464.png,13.88
crop_01465.png,4.24
crop_01466.png,1.47
crop_01467.png,14.83
crop_01468.png,14.29
crop_01469.png,2.16
crop_01470.png,14.72
crop_01471.png,0.42
crop_01472.png,1.86
crop_01473.png,14.82
crop_01474.png,14.3
crop_01475.png,2.9
crop_01476.png,1.83
crop_01477.png,27.84
crop_01478.png,16.0
crop_01479.png,15.22
crop_01480.png,16.0
crop_01481.png,5.57
crop_01482.png,0.38
crop_01483.png,43.58
crop_01484.png,1.27
crop_01485.png,28.81
crop_01486.png,14.04
crop_01487.png,5.75
crop_01488.png,49.18
crop_01489.png,20.57
crop_01490.png,26.82
crop_01491.png,5.76
crop_01492.png,2.08
crop_01493.png,30.14
crop_01494.png,10.42
crop_01495.png,4.29
crop_01496.png,3.75
crop_01497.png,31.18
crop_01498.png,15.83
crop_01499.png,6.95
crop_01500.png,4.44
crop_01501.png,10.8
crop_01502.png,0.61
crop_01503.png,1.31
crop_01504.png,1.69
crop_01505.png,9.25
crop_01506.png,26.35
crop_01507.png,2.03
crop_01508.png,2.17
crop_01509.png,8.58
crop_01510.png,4.52
crop_01511.png,11.54
crop_01512.png,15.71
crop_01513.png,19.85
crop_01514.png,9.34
crop_01515.png,32.09
crop_01516.png,2.12
crop_01517.png,8.6
crop_01518.png,12.11
crop_01519.png,5.04
crop_01520.png,15.15
crop_01521.png,4.49
crop_01522.png,3.55
crop_01523.png,2.78
crop_01524.png,33.71
crop_01525.png,1.36
crop_01526.png,37.85
crop_01527.png,0.27
crop_01528.png,3.18
crop_01529.png,7.65
crop_01530.png,0.4
crop_01531.png,5.62
crop_01532.png,2.67
crop_01533.png,6.73
crop_01534.png,6.58
crop_01535.png,3.7
crop_01536.png,1.61
crop_01537.png,2.96
crop_01538.png,5.79
crop_01539.png,0.91
crop_01540.png,1.17
crop_01541.png,1.84
crop_01542.png,17.7
crop_01543.png,7.24
crop_01544.png,1.8
crop_01545.png,0.88
crop_01546.png,7.55
crop_01547.png,10.52
crop_01548.png,2.53
crop_01549.png,7.01
crop_01550.png,21.25
crop_01551.png,9.23
crop_01552.png,28.16
crop_01553.png,5.71
crop_01554.png,5.27
crop_01555.png,7.36
crop_01556.png,0.98
crop_01557.png,1.9
crop_01558.png,20.26
crop_01559.png,0.87
crop_01560.png,0.92
crop_01561.png,0.9
crop_01562.png,30.04
crop_01563.png,2.54
crop_01564.png,5.25
crop_01565.png,2.09
crop_01566.png,1.22
crop_01567.png,0.9
crop_01568.png,4.73
crop_01569.png,2.69
crop_01570.png,8.07
crop_01571.png,4.42
crop_01572.png,3.12
crop_01573.png,12.12
crop_01574.png,2.43
crop_01575.png,0.03
crop_01576.png,7.16
crop_01577.png,1.92
crop_01578.png,0.18
crop_01579.png,13.59
crop_01580.png,1.07
crop_01581.png,1.45
crop_01582.png,0.83
crop_01583.png,41.96
crop_01584.png,1.43
crop_01585.png,25.35
crop_01586.png,3.05
crop_01587.png,4.0
crop_01588.png,5.06
crop_01589.png,3.72
crop_01590.png,4.93
crop_01591.png,6.3
crop_01592.png,1.41
crop_01593.png,14.25
crop_01594.png,0.11
crop_01595.png,11.51
crop_01596.png,23.97
crop_01597.png,1.9
crop_01598.png,2.49
crop_01599.png,5.04
crop_01600.png,3.14
crop_01601.png,1.95
crop_01602.png,3.58
crop_01603.png,1.97
crop_01604.png,31.93
crop_01605.png,4.25
crop_01606.png,0.83
crop_01607.png,18.14
crop_01608.png,7.07
crop_01609.png,0.8
crop_01610.png,35.1
crop_01611.png,21.4
crop_01612.png,0.72
crop_01613.png,2.64
crop_01614.png,4.24
crop_01615.png,47.06
crop_01616.png,2.58
crop_01617.png,4.12
crop_01618.png,2.48
crop_01619.png,24.4
crop_01620.png,5.98
crop_01621.png,1.97
crop_01622.png,1.47
crop_01623.png,32.06
crop_01624.png,4.28
crop_01625.png,42.03
crop_01626.png,25.35
crop_01627.png,1.33
crop_01628.png,47.75
crop_01629.png,4.63
crop_01630.png,4.18
crop_01631.png,10.98
crop_01632.png,42.57
crop_01633.png,3.95
crop_01634.png,7.52
crop_01635.png,3.92
crop_01636.png,1.54
crop_01637.png,2.44
crop_01638.png,8.53
crop_01639.png,20.33
crop_01640.png,3.8
crop_01641.png,2.47
crop_01642.png,4.6
crop_01643.png,1.33
crop_01644.png,6.6
crop_01645.png,31.37
crop_01646.png,12.97
crop_01647.png,18.0
crop_01648.png,7.49
crop_01649.png,2.77
crop_01650.png,3.08
crop_01651.png,6.83
crop_01652.png,0.58
crop_01653.png,3.06
crop_01654.png,25.2
crop_01655.png,3.3
crop_01656.png,19.66
crop_01657.png,10.91
crop_01658.png,9.84
crop_01659.png,1.22
crop_01660.png,28.22
crop_01661.png,8.69
crop_01662.png,2.24
crop_01663.png,4.21
crop_01664.png,4.02
crop_01665.png,22.21
crop_01666.png,20.67
crop_01667.png,21.48
crop_01668.png,1.12
crop_01669.png,18.23
crop_01670.png,22.38
crop_01671.png,9.42
crop_01672.png,29.48
crop_01673.png,13.24
crop_01674.png,2.18
crop_01675.png,7.4
crop_01676.png,1.33
crop_01677.png,5.11
crop_01678.png,2.08
crop_01679.png,19.83
crop_01680.png,1.57
crop_01681.png,43.27
crop_01682.png,1.0
crop_01683.png,2.42
crop_01684.png,0.67
crop_01685.png,30.89
crop_01686.png,1.23
crop_01687.png,7.96
crop_01688.png,5.68
crop_01689.png,2.13
crop_01690.png,4.16
crop_01691.png,3.49
crop_01692.png,33.41
crop_01693.png,1.14
crop_01694.png,15.41
crop_01695.png,13.67
crop_01696.png,25.82
crop_01697.png,35.48
crop_01698.png,4.06
crop_01699.png,17.65
crop_01700.png,44.1
crop_01701.png,44.42
crop_01702.png,0.5
crop_01703.png,24.28
crop_01704.png,5.5
crop_01705.png,4.29
crop_01706.png,8.47
crop_01707.png,0.67
crop_01708.png,2.35
crop_01709.png,1.93
crop_01710.png,29.83
crop_01711.png,6.78
crop_01712.png,2.13
crop_01713.png,3.82
crop_01714.png,15.82
crop_01715.png,26.4
crop_01716.png,2.31
crop_01717.png,0.52
crop_01718.png,28.59
crop_01719.png,30.06
crop_01720.png,34.48
crop_01721.png,2.01
crop_01722.png,1.34
crop_01723.png,10.52
crop_01724.png,6.3
crop_01725.png,1.0
crop_01726.png,1.0
crop_01727.png,2.86
crop_01728.png,5.38
crop_01729.png,0.45
crop_01730.png,13.04
crop_01731.png,1.75
crop_01732.png,3.15
crop_01733.png,2.05
crop_01734.png,1.1
crop_01735.png,0.75
crop_01736.png,0.83
crop_01737.png,3.93
crop_01738.png,4.29
crop_01739.png,1.06
crop_01740.png,13.5
crop_01741.png,3.49
crop_01742.png,3.0
crop_01743.png,6.16
crop_01744.png,5.97
crop_01745.png,3.44
crop_01746.png,24.64
crop_01747.png,2.69
crop_01748.png,14.09
crop_01749.png,28.29
crop_01750.png,5.15
crop_01751.png,7.0
crop_01752.png,0.95
crop_01753.png,12.46
crop_01754.png,20.82
crop_01755.png,12.75
crop_01756.png,28.17
crop_01757.png,0.95
crop_01758.png,13.97
crop_01759.png,7.16
crop_01760.png,28.71
crop_01761.png,2.21
crop_01762.png,43.28
crop_01763.png,25.58
crop_01764.png,1.98
crop_01765.png,41.63
crop_01766.png,16.4
crop_01767.png,24.63
crop_01768.png,36.97
crop_01769.png,42.0
crop_01770.png,21.88
crop_01771.png,0.98
crop_01772.png,4.05
crop_01773.png,1.1
crop_01774.png,29.43
crop_01775.png,1.43
crop_01776.png,6.33
crop_01777.png,16.47
crop_01778.png,29.06
crop_01779.png,16.65
crop_01780.png,6.11
crop_01781.png,29.73
crop_01782.png,1.42
crop_01783.png,3.55
crop_01784.png,8.57
crop_01785.png,4.47
crop_01786.png,2.94
crop_01787.png,3.46
crop_01788.png,28.43
crop_01789.png,6.21
crop_01790.png,5.74
crop_01791.png,24.77
crop_01792.png,2.91
crop_01793.png,2.14
crop_01794.png,1.24
crop_01795.png,1.82
crop_01796.png,3.97
crop_01797.png,2.56
crop_01798.png,1.64
crop_01799.png,21.43
crop_01800.png,1.77
crop_01801.png,1.27
crop_01802.png,0.68
crop_01803.png,0.93
crop_01804.png,11.81
crop_01805.png,1.72
crop_01806.png,2.77
crop_01807.png,11.4
crop_01808.png,22.67
crop_01809.png,28.01
crop_01810.png,35.81
crop_01811.png,1.66
crop_01812.png,14.42
crop_01813.png,10.02
crop_01814.png,2.75
crop_01815.png,3.18
crop_01816.png,4.13
crop_01817.png,9.84
crop_01818.png,4.33
crop_01819.png,6.66
crop_01820.png,1.58
crop_01821.png,2.77
crop_01822.png,4.86
crop_01823.png,3.72
crop_01824.png,2.27
crop_01825.png,6.94
crop_01826.png,1.11
crop_01827.png,1.0
crop_01828.png,11.86
crop_01829.png,0.86
crop_01830.png,14.99
crop_01831.png,1.72
crop_01832.png,2.26
crop_01833.png,2.8
crop_01834.png,13.15
crop_01835.png,40.35
crop_01836.png,3.76
crop_01837.png,2.21
crop_01838.png,19.78
crop_01839.png,2.4
crop_01840.png,36.34
crop_01841.png,0.68
crop_01842.png,11.17
crop_01843.png,0.53
crop_01844.png,39.81
crop_01845.png,0.71
crop_01846.png,3.75
crop_01847.png,6.53
crop_01848.png,6.71
crop_01849.png,2.72
crop_01850.png,0.59
crop_01851.png,17.82
crop_01852.png,4.27
crop_01853.png,22.41
crop_01854.png,11.71
crop_01855.png,11.04
crop_01856.png,0.9
crop_01857.png,3.01
crop_01858.png,6.63
crop_01859.png,3.13
crop_01860.png,1.96
crop_01861.png,5.93
crop_01862.png,8.34
crop_01863.png,3.16
crop_01864.png,4.21
crop_01865.png,3.88
crop_01866.png,0.44
crop_01867.png,1.7
crop_01868.png,2.76
crop_01869.png,2.5
crop_01870.png,1.0
crop_01871.png,1.15
crop_01872.png,1.0
crop_01873.png,21.55
crop_01874.png,44.73
crop_01875.png,7.33
crop_01876.png,2.87
crop_01877.png,3.21
crop_01878.png,5.82
crop_01879.png,2.67
crop_01880.png,4.77
crop_01881.png,11.5
crop_01882.png,3.22
crop_01883.png,3.65
crop_01884.png,1.0
crop_01885.png,3.05
crop_01886.png,8.4
crop_01887.png,2.38
crop_01888.png,2.91
crop_01889.png,17.78
crop_01890.png,40.95
crop_01891.png,1.44
crop_01892.png,0.5
crop_01893.png,0.72
crop_01894.png,2.88
crop_01895.png,1.91
crop_01896.png,13.25
crop_01897.png,4.31
crop_01898.png,5.09
crop_01899.png,3.53
crop_01900.png,2.9
crop_01901.png,5.68
crop_01902.png,1.64
crop_01903.png,28.07
crop_01904.png,11.73
crop_01905.png,19.89
crop_01906.png,16.04
crop_01907.png,48.48
crop_01908.png,1.11
crop_01909.png,18.38
crop_01910.png,8.78
crop_01911.png,11.77
crop_01912.png,2.04
crop_01913.png,0.73
crop_01914.png,40.93
crop_01915.png,5.3
crop_01916.png,3.0
crop_01917.png,3.44
crop_01918.png,14.28
crop_01919.png,3.62
crop_01920.png,2.15
crop_01921.png,31.95
crop_01922.png,3.16
crop_01923.png,14.98
crop_01924.png,5.07
crop_01925.png,3.4
crop_01926.png,10.9
crop_01927.png,15.0
crop_01928.png,21.91
crop_01929.png,37.73
crop_01930.png,5.87
crop_01931.png,5.75
crop_01932.png,1.12
crop_01933.png,2.19
crop_01934.png,27.02
crop_01935.png,19.85
crop_01936.png,0.91
crop_01937.png,2.48
crop_01938.png,9.27
crop_01939.png,11.56
crop_01940.png,0.91
crop_01941.png,1.4
crop_01942.png,12.64
crop_01943.png,0.82
crop_01944.png,18.52
crop_01945.png,15.49
crop_01946.png,21.44
crop_01947.png,2.56
crop_01948.png,6.83
crop_01949.png,7.93
crop_01950.png,7.29
crop_01951.png,4.98
crop_01952.png,15.49
crop_01953.png,21.44
crop_01954.png,6.93
crop_01955.png,7.5
crop_01956.png,5.34
crop_01957.png,23.06
crop_01958.png,1.57
crop_01959.png,5.91
crop_01960.png,18.09
crop_01961.png,3.92
crop_01962.png,11.72
crop_01963.png,3.26
crop_01964.png,0.51
crop_01965.png,22.42
crop_01966.png,3.43
crop_01967.png,1.95
crop_01968.png,5.64
crop_01969.png,0.45
crop_01970.png,0.21
crop_01971.png,1.44
crop_01972.png,11.97
crop_01973.png,1.52
crop_01974.png,13.89
crop_01975.png,5.18
crop_01976.png,1.53
crop_01977.png,0.64
crop_01978.png,1.04
crop_01979.png,1.5
crop_01980.png,12.89
crop_01981.png,1.5
crop_01982.png,2.12
crop_01983.png,0.54
crop_01984.png,1.67
crop_01985.png,1.62
crop_01986.png,1.58
crop_01987.png,1.91
crop_01988.png,1.51
crop_01989.png,6.47
crop_01990.png,6.06
crop_01991.png,6.61
crop_01992.png,2.59
crop_01993.png,6.14
crop_01994.png,2.03
crop_01995.png,7.06
crop_01996.png,1.47
crop_01997.png,1.28
crop_01998.png,0.75
crop_01999.png,1.54
